,avg_time,std_time,sizes,threads
0,0.0008398,1.93e-05,16,1
1,0.0010588,4.29e-05,32,1
2,0.0021653,3.23e-05,64,1
3,0.006136,0.000238,128,1
4,0.019521,0.000466,256,1
5,0.063356,0.000673,512,1
6,0.226007,0.000848,1024,1
7,0.87607,0.00443,2048,1
8,3.48008,0.00401,4096,1
9,13.8906,0.04,8192,1
10,0.00285,0.00207,16,2
11,0.0008698,3.08e-05,32,2
12,0.0015728,5.07e-05,64,2
13,0.003785,0.000145,128,2
14,0.012946,0.000385,256,2
15,0.043196,0.000403,512,2
16,0.14316,0.00103,1024,2
17,0.53547,0.00174,2048,2
18,2.11431,0.00829,4096,2
19,8.34973,0.00797,8192,2
20,0.00278,0.00195,16,4
21,0.0009472,2.4e-05,32,4
22,0.0015145,9.05e-05,64,4
23,0.003718,0.000129,128,4
24,0.012301,0.00029,256,4
25,0.042404,0.000494,512,4
26,0.13769,0.00104,1024,4
27,0.52074,0.00386,2048,4
28,2.02372,0.00383,4096,4
29,8.04192,0.00379,8192,4
30,0.00283,0.00193,16,8
31,0.0009912,4.3e-05,32,8
32,0.0014529,5.3e-05,64,8
33,0.0032908,9.97e-05,128,8
34,0.010636,0.000349,256,8
35,0.038169,0.000312,512,8
36,0.121066,0.000848,1024,8
37,0.45201,0.00179,2048,8
38,1.76834,0.00651,4096,8
39,7.0235,0.0102,8192,8
40,0.00318,0.00207,16,16
41,0.0011569,3.41e-05,32,16
42,0.0013737,4.71e-05,64,16
43,0.002691,0.000113,128,16
44,0.008256,0.000269,256,16
45,0.030453,0.000835,512,16
46,0.096702,0.000887,1024,16
47,0.35764,0.00281,2048,16
48,1.39774,0.00564,4096,16
49,5.5436,0.0167,8192,16
50,0.00344,0.00196,16,32
51,0.0015163,5.42e-05,32,32
52,0.0016589,7.49e-05,64,32
53,0.002865,9.77e-05,128,32
54,0.00727,0.000149,256,32
55,0.025958,0.000421,512,32
56,0.08732,0.00139,1024,32
57,0.31878,0.00131,2048,32
58,1.24952,0.008,4096,32
59,4.8957,0.026,8192,32
